{"SubTexture":[{"width":" 293","y":" 1975","height":" 72","name":"images/FX-knife01","x":" 1123"},{"width":" 61","y":" 1358","height":" 83","name":"images/bandan","x":" 1024"},{"width":" 158","y":" 1","height":" 62","name":"images/bandana","x":" 149"},{"width":" 158","y":" 1564","height":" 61","name":"images/bandana01","x":" 320"},{"width":" 61","y":" 948","height":" 83","name":"images/bandana02","x":" 748"},{"width":" 150","y":" 233","height":" 218","name":"images/burp_gun01","x":" 1"},{"width":" 35","y":" 1579","height":" 18","name":"images/enemy_eyebrow_L","x":" 713"},{"width":" 62","y":" 913","height":" 16","name":"images/enemy_eyebrow_R","x":" 928"},{"width":" 137","y":" 641","height":" 54","name":"images/enemy_glasses01","x":" 406"},{"width":" 135","y":" 769","height":" 85","name":"images/enemy_hair_brown","x":" 406"},{"width":" 153","y":" 1633","height":" 173","name":"images/enemy_head01","x":" 1278"},{"width":" 186","y":" 1655","height":" 151","name":"images/enemy_helmet01","x":" 1091"},{"width":" 166","y":" 1527","height":" 140","name":"images/enemy_mask01","x":" 914"},{"width":" 93","y":" 1526","height":" 44","name":"images/enemy_mouth_angry01","x":" 1927"},{"width":" 93","y":" 66","height":" 44","name":"images/enemy_mouth_angry01_copy","x":" 276"},{"width":" 59","y":" 233","height":" 52","name":"images/enemy_nose01","x":" 223"},{"width":" 115","y":" 401","height":" 69","name":"images/grenade","x":" 153"},{"width":" 122","y":" 1148","height":" 451","name":"images/grenade-gun","x":" 1"},{"width":" 129","y":" 1600","height":" 447","name":"images/grenade-gun01","x":" 1"},{"width":" 45","y":" 1385","height":" 214","name":"images/gun","x":" 124"},{"width":" 45","y":" 1170","height":" 214","name":"images/gun01","x":" 124"},{"width":" 22","y":" 893","height":" 26","name":"images/hero-L-eye","x":" 905"},{"width":" 21","y":" 1156","height":" 13","name":"images/hero-L-lower_eyelid","x":" 124"},{"width":" 21","y":" 1893","height":" 13","name":"images/hero-L-lower_eyelid01","x":" 2021"},{"width":" 28","y":" 1642","height":" 12","name":"images/hero-L-upper_eyeli","x":" 1246"},{"width":" 28","y":" 1611","height":" 12","name":"images/hero-L-upper_eyelid01","x":" 131"},{"width":" 25","y":" 1598","height":" 27","name":"images/hero-L-upper_eyelid03","x":" 479"},{"width":" 42","y":" 1252","height":" 82","name":"images/hero-L_LOWLeg","x":" 1151"},{"width":" 42","y":" 1370","height":" 83","name":"images/hero-L_LOWLeg01","x":" 1367"},{"width":" 42","y":" 893","height":" 83","name":"images/hero-L_LOWLeg01_copy","x":" 599"},{"width":" 42","y":" 923","height":" 82","name":"images/hero-L_LOWLeg01_copy_2","x":" 1205"},{"width":" 42","y":" 923","height":" 82","name":"images/hero-L_LOWLeg02","x":" 1162"},{"width":" 42","y":" 1263","height":" 82","name":"images/hero-L_LOWLeg02_copy","x":" 1194"},{"width":" 52","y":" 1221","height":" 102","name":"images/hero-L_UPleg","x":" 736"},{"width":" 53","y":" 850","height":" 102","name":"images/hero-L_UPleg01","x":" 545"},{"width":" 53","y":" 140","height":" 102","name":"images/hero-L_UPleg01_copy","x":" 489"},{"width":" 52","y":" 18","height":" 102","name":"images/hero-L_UPleg01_copy_2","x":" 441"},{"width":" 53","y":" 1118","height":" 102","name":"images/hero-L_UPleg02","x":" 738"},{"width":" 52","y":" 37","height":" 102","name":"images/hero-L_UPleg02_copy","x":" 494"},{"width":" 69","y":" 946","height":" 86","name":"images/hero-L_Uparm","x":" 810"},{"width":" 69","y":" 946","height":" 86","name":"images/hero-L_Uparm01","x":" 880"},{"width":" 69","y":" 1049","height":" 86","name":"images/hero-L_Uparm01_copy","x":" 936"},{"width":" 69","y":" 1227","height":" 87","name":"images/hero-L_Uparm01_copy_2","x":" 789"},{"width":" 69","y":" 1182","height":" 86","name":"images/hero-L_Uparm01_copy_3","x":" 1073"},{"width":" 69","y":" 962","height":" 86","name":"images/hero-L_Uparm01_copy_4","x":" 950"},{"width":" 69","y":" 1165","height":" 86","name":"images/hero-L_Uparm01_copy_5","x":" 1143"},{"width":" 70","y":" 1159","height":" 87","name":"images/hero-L_Uparm01_copy_6","x":" 563"},{"width":" 69","y":" 1282","height":" 86","name":"images/hero-L_Uparm02","x":" 859"},{"width":" 69","y":" 1271","height":" 86","name":"images/hero-L_Uparm03","x":" 1003"},{"width":" 47","y":" 954","height":" 37","name":"images/hero-L_foot","x":" 1020"},{"width":" 46","y":" 1343","height":" 37","name":"images/hero-L_foot01","x":" 752"},{"width":" 47","y":" 1344","height":" 37","name":"images/hero-L_foot02","x":" 799"},{"width":" 63","y":" 244","height":" 96","name":"images/hero-L_forearm","x":" 640"},{"width":" 63","y":" 147","height":" 96","name":"images/hero-L_forearm01","x":" 661"},{"width":" 63","y":" 1130","height":" 96","name":"images/hero-L_forearm01_copy","x":" 856"},{"width":" 63","y":" 1033","height":" 96","name":"images/hero-L_forearm01_copy_2","x":" 872"},{"width":" 63","y":" 50","height":" 96","name":"images/hero-L_forearm02","x":" 663"},{"width":" 63","y":" 1130","height":" 96","name":"images/hero-L_forearm03","x":" 792"},{"width":" 63","y":" 1033","height":" 96","name":"images/hero-L_forearm04","x":" 808"},{"width":" 63","y":" 776","height":" 73","name":"images/hero-L_hand","x":" 542"},{"width":" 63","y":" 1077","height":" 86","name":"images/hero-L_hand01","x":" 1006"},{"width":" 81","y":" 1480","height":" 98","name":"images/hero-L_hand02","x":" 713"},{"width":" 76","y":" 1442","height":" 84","name":"images/hero-L_hand03","x":" 979"},{"width":" 74","y":" 243","height":" 70","name":"images/hero-L_hand04","x":" 490"},{"width":" 63","y":" 1108","height":" 73","name":"images/hero-L_hand05","x":" 1070"},{"width":" 61","y":" 1034","height":" 73","name":"images/hero-L_hand06","x":" 1070"},{"width":" 63","y":" 1032","height":" 85","name":"images/hero-L_hand07","x":" 744"},{"width":" 81","y":" 1480","height":" 98","name":"images/hero-L_hand08","x":" 795"},{"width":" 76","y":" 1369","height":" 84","name":"images/hero-L_hand09","x":" 872"},{"width":" 74","y":" 243","height":" 70","name":"images/hero-L_hand10","x":" 565"},{"width":" 63","y":" 1091","height":" 73","name":"images/hero-L_hand11","x":" 1134"},{"width":" 20","y":" 1615","height":" 17","name":"images/hero-L_toes02","x":" 1411"},{"width":" 20","y":" 1580","height":" 16","name":"images/hero-L_toes03","x":" 1411"},{"width":" 20","y":" 1597","height":" 17","name":"images/hero-L_toes04","x":" 1411"},{"width":" 53","y":" 916","height":" 31","name":"images/hero-R-eye01","x":" 748"},{"width":" 51","y":" 34","height":" 15","name":"images/hero-R-lower_eyelid01","x":" 663"},{"width":" 66","y":" 946","height":" 15","name":"images/hero-R-upper_eyelid01","x":" 950"},{"width":" 55","y":" 1564","height":" 33","name":"images/hero-R-upper_eyelid03","x":" 479"},{"width":" 46","y":" 1809","height":" 84","name":"images/hero-R_LOWLeg","x":" 1369"},{"width":" 46","y":" 1007","height":" 83","name":"images/hero-R_LOWLeg01","x":" 1132"},{"width":" 46","y":" 950","height":" 83","name":"images/hero-R_LOWLeg01_copy","x":" 1068"},{"width":" 46","y":" 922","height":" 84","name":"images/hero-R_LOWLeg01_copy_2","x":" 1115"},{"width":" 46","y":" 1006","height":" 84","name":"images/hero-R_LOWLeg02","x":" 1179"},{"width":" 47","y":" 992","height":" 84","name":"images/hero-R_LOWLeg02_copy","x":" 1020"},{"width":" 57","y":" 369","height":" 100","name":"images/hero-R_UPleg","x":" 592"},{"width":" 58","y":" 143","height":" 99","name":"images/hero-R_UPleg01","x":" 543"},{"width":" 58","y":" 143","height":" 99","name":"images/hero-R_UPleg01_copy","x":" 602"},{"width":" 57","y":" 369","height":" 100","name":"images/hero-R_UPleg01_copy_2","x":" 650"},{"width":" 57","y":" 43","height":" 99","name":"images/hero-R_UPleg02","x":" 547"},{"width":" 57","y":" 43","height":" 99","name":"images/hero-R_UPleg02_copy","x":" 605"},{"width":" 83","y":" 526","height":" 114","name":"images/hero-R_Uparm01","x":" 498"},{"width":" 83","y":" 286","height":" 114","name":"images/hero-R_Uparm01_copy","x":" 152"},{"width":" 83","y":" 286","height":" 114","name":"images/hero-R_Uparm01_copy_2","x":" 236"},{"width":" 83","y":" 357","height":" 114","name":"images/hero-R_Uparm01_copy_3","x":" 320"},{"width":" 83","y":" 242","height":" 114","name":"images/hero-R_Uparm01_copy_4","x":" 320"},{"width":" 82","y":" 1483","height":" 114","name":"images/hero-R_Uparm01_copy_5","x":" 630"},{"width":" 82","y":" 1368","height":" 114","name":"images/hero-R_Uparm01_copy_6","x":" 563"},{"width":" 83","y":" 1686","height":" 114","name":"images/hero-R_Uparm02","x":" 1927"},{"width":" 83","y":" 1571","height":" 114","name":"images/hero-R_Uparm03","x":" 1927"},{"width":" 83","y":" 1483","height":" 114","name":"images/hero-R_Uparm_new","x":" 546"},{"width":" 47","y":" 1333","height":" 37","name":"images/hero-R_foot","x":" 1237"},{"width":" 46","y":" 1295","height":" 37","name":"images/hero-R_foot01","x":" 1237"},{"width":" 47","y":" 3","height":" 38","name":"images/hero-R_foot02","x":" 101"},{"width":" 70","y":" 1443","height":" 120","name":"images/hero-R_forearm","x":" 475"},{"width":" 70","y":" 1322","height":" 120","name":"images/hero-R_forearm01","x":" 492"},{"width":" 70","y":" 1201","height":" 120","name":"images/hero-R_forearm01_copy","x":" 492"},{"width":" 70","y":" 1247","height":" 120","name":"images/hero-R_forearm01_copy_2","x":" 563"},{"width":" 70","y":" 111","height":" 121","name":"images/hero-R_forearm02","x":" 276"},{"width":" 70","y":" 120","height":" 121","name":"images/hero-R_forearm03","x":" 347"},{"width":" 70","y":" 121","height":" 121","name":"images/hero-R_forearm04","x":" 418"},{"width":" 74","y":" 1360","height":" 81","name":"images/hero-R_hand","x":" 949"},{"width":" 73","y":" 892","height":" 81","name":"images/hero-R_hand01","x":" 642"},{"width":" 79","y":" 1382","height":" 97","name":"images/hero-R_hand02","x":" 792"},{"width":" 73","y":" 1075","height":" 83","name":"images/hero-R_hand03","x":" 562"},{"width":" 74","y":" 1207","height":" 70","name":"images/hero-R_hand04","x":" 923"},{"width":" 73","y":" 1278","height":" 81","name":"images/hero-R_hand05","x":" 929"},{"width":" 79","y":" 1381","height":" 98","name":"images/hero-R_hand06","x":" 712"},{"width":" 74","y":" 1371","height":" 82","name":"images/hero-R_hand07","x":" 1218"},{"width":" 74","y":" 1136","height":" 70","name":"images/hero-R_hand08","x":" 920"},{"width":" 79","y":" 977","height":" 97","name":"images/hero-R_hand10","x":" 563"},{"width":" 73","y":" 1370","height":" 83","name":"images/hero-R_hand11","x":" 1293"},{"width":" 74","y":" 1200","height":" 70","name":"images/hero-R_hand12","x":" 998"},{"width":" 20","y":" 1563","height":" 16","name":"images/hero-R_toes02","x":" 1411"},{"width":" 20","y":" 1546","height":" 16","name":"images/hero-R_toes03","x":" 1411"},{"width":" 21","y":" 928","height":" 17","name":"images/hero-R_toes04","x":" 995"},{"width":" 188","y":" 1836","height":" 211","name":"images/hero-backpack01","x":" 131"},{"width":" 188","y":" 1626","height":" 210","name":"images/hero-backpack01_copy","x":" 320"},{"width":" 188","y":" 1624","height":" 211","name":"images/hero-backpack01_copy_2","x":" 131"},{"width":" 188","y":" 1837","height":" 210","name":"images/hero-backpack02","x":" 320"},{"width":" 77","y":" 1269","height":" 65","name":"images/hero-beard","x":" 1073"},{"width":" 138","y":" 855","height":" 97","name":"images/hero-beard02","x":" 406"},{"width":" 76","y":" 1","height":" 64","name":"images/hero-beard03","x":" 308"},{"width":" 164","y":" 1477","height":" 177","name":"images/hero-body","x":" 1081"},{"width":" 164","y":" 1454","height":" 178","name":"images/hero-body01","x":" 1246"},{"width":" 164","y":" 1703","height":" 178","name":"images/hero-body01_copy","x":" 1762"},{"width":" 164","y":" 1524","height":" 178","name":"images/hero-body01_copy_2","x":" 1597"},{"width":" 164","y":" 1362","height":" 177","name":"images/hero-body01_copy_3","x":" 1411"},{"width":" 164","y":" 1346","height":" 177","name":"images/hero-body01_copy_4","x":" 1576"},{"width":" 164","y":" 1346","height":" 177","name":"images/hero-body01_copy_5","x":" 1741"},{"width":" 164","y":" 1524","height":" 178","name":"images/hero-body01_copy_6","x":" 1762"},{"width":" 164","y":" 1718","height":" 178","name":"images/hero-body02","x":" 1432"},{"width":" 164","y":" 1255","height":" 177","name":"images/hero-body02_copy","x":" 170"},{"width":" 164","y":" 1703","height":" 178","name":"images/hero-body03","x":" 1597"},{"width":" 164","y":" 1540","height":" 177","name":"images/hero-body04","x":" 1432"},{"width":" 31","y":" 1819","height":" 46","name":"images/hero-ear","x":" 1091"},{"width":" 31","y":" 927","height":" 46","name":"images/hero-ear01","x":" 716"},{"width":" 87","y":" 341","height":" 27","name":"images/hero-eyebrow","x":" 592"},{"width":" 35","y":" 963","height":" 13","name":"images/hero-eyebrow_L","x":" 563"},{"width":" 35","y":" 1883","height":" 13","name":"images/hero-eyebrow_L01","x":" 1597"},{"width":" 87","y":" 314","height":" 26","name":"images/hero-eyebrow_R","x":" 491"},{"width":" 129","y":" 1978","height":" 69","name":"images/hero-glasses01","x":" 1914"},{"width":" 128","y":" 1907","height":" 70","name":"images/hero-glasses02","x":" 1914"},{"width":" 137","y":" 696","height":" 72","name":"images/hero-glasses03","x":" 406"},{"width":" 158","y":" 1579","height":" 104","name":"images/hero-hair","x":" 755"},{"width":" 40","y":" 412","height":" 59","name":"images/hero-hair01","x":" 279"},{"width":" 105","y":" 1324","height":" 56","name":"images/hero-hair02","x":" 646"},{"width":" 70","y":" 233","height":" 52","name":"images/hero-hair03","x":" 152"},{"width":" 158","y":" 1150","height":" 104","name":"images/hero-hair_brown","x":" 170"},{"width":" 40","y":" 6","height":" 59","name":"images/hero-hair_brown01","x":" 385"},{"width":" 104","y":" 974","height":" 57","name":"images/hero-hair_brown02","x":" 643"},{"width":" 70","y":" 66","height":" 53","name":"images/hero-hair_brown03","x":" 370"},{"width":" 93","y":" 420","height":" 105","name":"images/hero-hand-L_gun01","x":" 492"},{"width":" 93","y":" 1801","height":" 105","name":"images/hero-hand-L_gun02","x":" 1927"},{"width":" 92","y":" 532","height":" 108","name":"images/hero-hand-L_gun03","x":" 405"},{"width":" 245","y":" 1962","height":" 85","name":"images/hero-hand-L_knife","x":" 1668"},{"width":" 245","y":" 1598","height":" 85","name":"images/hero-hand-L_knife01","x":" 509"},{"width":" 151","y":" 916","height":" 231","name":"images/hero-hand-L_knife02","x":" 1"},{"width":" 256","y":" 1894","height":" 80","name":"images/hero-hand-L_knife03","x":" 1123"},{"width":" 245","y":" 1807","height":" 86","name":"images/hero-hand-L_knife04","x":" 1123"},{"width":" 151","y":" 684","height":" 231","name":"images/hero-hand-L_knife05","x":" 1"},{"width":" 151","y":" 452","height":" 231","name":"images/hero-hand-L_knife06","x":" 1"},{"width":" 86","y":" 435","height":" 96","name":"images/hero-hand-R_gun","x":" 405"},{"width":" 86","y":" 339","height":" 95","name":"images/hero-hand-R_gun01","x":" 404"},{"width":" 85","y":" 243","height":" 95","name":"images/hero-hand-R_gun02","x":" 404"},{"width":" 245","y":" 1897","height":" 78","name":"images/hero-hand-R_knife01","x":" 1417"},{"width":" 173","y":" 1668","height":" 197","name":"images/hero-hand-R_knife02","x":" 917"},{"width":" 250","y":" 1976","height":" 71","name":"images/hero-hand-R_knife03","x":" 1417"},{"width":" 245","y":" 1882","height":" 79","name":"images/hero-hand-R_knife04","x":" 1663"},{"width":" 147","y":" 42","height":" 190","name":"images/hero-head","x":" 1"},{"width":" 147","y":" 1433","height":" 190","name":"images/hero-head01","x":" 170"},{"width":" 202","y":" 1866","height":" 181","name":"images/hero-helmet","x":" 920"},{"width":" 203","y":" 1684","height":" 181","name":"images/hero-helmet01","x":" 509"},{"width":" 203","y":" 1866","height":" 181","name":"images/hero-helmet01_copy","x":" 716"},{"width":" 203","y":" 1684","height":" 181","name":"images/hero-helmet01_copy_2","x":" 713"},{"width":" 206","y":" 1866","height":" 181","name":"images/hero-helmet02","x":" 509"},{"width":" 100","y":" 341","height":" 78","name":"images/hero-hips","x":" 491"},{"width":" 101","y":" 1251","height":" 72","name":"images/hero-hips01","x":" 634"},{"width":" 101","y":" 1105","height":" 72","name":"images/hero-hips01_copy","x":" 636"},{"width":" 100","y":" 1032","height":" 72","name":"images/hero-hips01_copy_2","x":" 643"},{"width":" 101","y":" 1178","height":" 72","name":"images/hero-hips02","x":" 634"},{"width":" 101","y":" 1454","height":" 72","name":"images/hero-hips02_copy","x":" 877"},{"width":" 100","y":" 1335","height":" 39","name":"images/hero-hips_top_R","x":" 1086"},{"width":" 99","y":" 1315","height":" 39","name":"images/hero-hips_top_R01","x":" 1906"},{"width":" 99","y":" 1","height":" 40","name":"images/hero-hips_top_R02","x":" 1"},{"width":" 48","y":" 1259","height":" 35","name":"images/hero-knee-L","x":" 1237"},{"width":" 49","y":" 1334","height":" 35","name":"images/hero-knee-L01","x":" 1285"},{"width":" 48","y":" 1334","height":" 35","name":"images/hero-knee-R","x":" 1335"},{"width":" 48","y":" 1223","height":" 35","name":"images/hero-knee-R01","x":" 1213"},{"width":" 51","y":" 903","height":" 16","name":"images/hero-lower_eyelid","x":" 802"},{"width":" 156","y":" 1441","height":" 122","name":"images/hero-mask","x":" 318"},{"width":" 156","y":" 1319","height":" 121","name":"images/hero-mask01","x":" 335"},{"width":" 156","y":" 1197","height":" 121","name":"images/hero-mask01_copy","x":" 335"},{"width":" 156","y":" 953","height":" 121","name":"images/hero-mask01_copy_2","x":" 406"},{"width":" 155","y":" 1075","height":" 121","name":"images/hero-mask02","x":" 406"},{"width":" 50","y":" 932","height":" 21","name":"images/hero-mouth","x":" 1017"},{"width":" 50","y":" 899","height":" 20","name":"images/hero-mouth01","x":" 854"},{"width":" 63","y":" 1246","height":" 35","name":"images/hero-mouth_angry01","x":" 859"},{"width":" 63","y":" 1164","height":" 35","name":"images/hero-mouth_angry01_copy","x":" 995"},{"width":" 62","y":" 1227","height":" 18","name":"images/hero-mouth_crust01","x":" 859"},{"width":" 62","y":" 1324","height":" 18","name":"images/hero-mouth_crust01_copy","x":" 752"},{"width":" 50","y":" 314","height":" 26","name":"images/hero-mouth_doubt01","x":" 579"},{"width":" 50","y":" 7","height":" 26","name":"images/hero-mouth_doubt01_copy","x":" 646"},{"width":" 62","y":" 920","height":" 25","name":"images/hero-mouth_smile01","x":" 802"},{"width":" 62","y":" 920","height":" 25","name":"images/hero-mouth_smile01_copy","x":" 865"},{"width":" 75","y":" 1","height":" 35","name":"images/hero-mustache","x":" 494"},{"width":" 66","y":" 930","height":" 15","name":"images/hero-mustache01","x":" 928"},{"width":" 76","y":" 1162","height":" 34","name":"images/hero-mustache02","x":" 329"},{"width":" 75","y":" 6","height":" 36","name":"images/hero-mustache03","x":" 570"},{"width":" 65","y":" 1381","height":" 101","name":"images/hero-neck","x":" 646"},{"width":" 65","y":" 674","height":" 101","name":"images/hero-neck01","x":" 544"},{"width":" 65","y":" 572","height":" 101","name":"images/hero-neck01_copy","x":" 582"},{"width":" 65","y":" 470","height":" 101","name":"images/hero-neck01_copy_2","x":" 586"},{"width":" 65","y":" 1375","height":" 101","name":"images/hero-neck02","x":" 1086"},{"width":" 65","y":" 1375","height":" 101","name":"images/hero-neck04","x":" 1152"},{"width":" 33","y":" 235","height":" 50","name":"images/hero-nose","x":" 283"},{"width":" 33","y":" 1528","height":" 50","name":"images/hero-nose01","x":" 877"},{"width":" 18","y":" 1524","height":" 15","name":"images/hero-pupil_brown","x":" 1576"},{"width":" 126","y":" 811","height":" 168","name":"images/hero-torso","x":" 153"},{"width":" 125","y":" 641","height":" 169","name":"images/hero-torso01","x":" 153"},{"width":" 125","y":" 471","height":" 169","name":"images/hero-torso01_copy","x":" 153"},{"width":" 125","y":" 980","height":" 169","name":"images/hero-torso01_copy_2","x":" 280"},{"width":" 126","y":" 980","height":" 169","name":"images/hero-torso01_copy_3","x":" 153"},{"width":" 125","y":" 472","height":" 169","name":"images/hero-torso01_copy_4","x":" 279"},{"width":" 126","y":" 1355","height":" 168","name":"images/hero-torso01_copy_5","x":" 1906"},{"width":" 126","y":" 64","height":" 168","name":"images/hero-torso01_copy_6","x":" 149"},{"width":" 125","y":" 811","height":" 168","name":"images/hero-torso02","x":" 280"},{"width":" 126","y":" 642","height":" 168","name":"images/hero-torso03","x":" 279"},{"width":" 66","y":" 1","height":" 16","name":"images/hero-upper_eyelid","x":" 426"}],"imagePath":"skeleton.png"}