{"SubTexture":[{"width":18,"y":1085,"height":15,"name":"images/hero-pupil_brown","x":1092},{"width":45,"y":299,"height":214,"name":"images/gun01","x":1172},{"width":150,"y":1765,"height":218,"name":"images/burp_gun01","x":1},{"width":115,"y":1849,"height":69,"name":"images/grenade","x":485},{"width":122,"y":450,"height":451,"name":"images/grenade-gun","x":1},{"width":129,"y":1,"height":447,"name":"images/grenade-gun01","x":1},{"width":45,"y":299,"height":214,"name":"images/gun","x":1219},{"width":188,"y":450,"height":211,"name":"images/hero-backpack01_copy_2","x":125},{"width":188,"y":1,"height":210,"name":"images/hero-backpack02","x":132},{"width":188,"y":663,"height":210,"name":"images/hero-backpack01_copy","x":125},{"width":188,"y":903,"height":211,"name":"images/hero-backpack01","x":1},{"width":63,"y":1398,"height":96,"name":"images/hero-L_forearm02","x":948},{"width":63,"y":1860,"height":96,"name":"images/hero-L_forearm03","x":1162},{"width":63,"y":1103,"height":96,"name":"images/hero-L_forearm04","x":1053},{"width":63,"y":1860,"height":96,"name":"images/hero-L_forearm01_copy","x":1097},{"width":63,"y":1860,"height":96,"name":"images/hero-L_forearm","x":1032},{"width":63,"y":1206,"height":96,"name":"images/hero-L_forearm01_copy_2","x":1004},{"width":63,"y":987,"height":96,"name":"images/hero-L_forearm01","x":1069},{"width":151,"y":579,"height":231,"name":"images/hero-hand-L_knife02","x":340},{"width":63,"y":869,"height":85,"name":"images/hero-L_hand07","x":1239},{"width":256,"y":143,"height":80,"name":"images/hero-hand-L_knife03","x":869},{"width":81,"y":1857,"height":98,"name":"images/hero-L_hand08","x":719},{"width":245,"y":1945,"height":86,"name":"images/hero-hand-L_knife04","x":153},{"width":76,"y":1686,"height":84,"name":"images/hero-L_hand09","x":956},{"width":151,"y":1299,"height":231,"name":"images/hero-hand-L_knife05","x":1},{"width":74,"y":1161,"height":70,"name":"images/hero-L_hand10","x":538},{"width":151,"y":1532,"height":231,"name":"images/hero-hand-L_knife06","x":1},{"width":63,"y":1680,"height":73,"name":"images/hero-L_hand","x":1106},{"width":63,"y":1760,"height":73,"name":"images/hero-L_hand11","x":654},{"width":63,"y":970,"height":86,"name":"images/hero-L_hand01","x":1193},{"width":93,"y":81,"height":105,"name":"images/hero-hand-L_gun01","x":1222},{"width":81,"y":1504,"height":98,"name":"images/hero-L_hand02","x":731},{"width":93,"y":81,"height":105,"name":"images/hero-hand-L_gun02","x":1127},{"width":76,"y":1806,"height":84,"name":"images/hero-L_hand03","x":950},{"width":92,"y":492,"height":108,"name":"images/hero-hand-L_gun03","x":1078},{"width":74,"y":956,"height":70,"name":"images/hero-L_hand04","x":1258},{"width":245,"y":1658,"height":85,"name":"images/hero-hand-L_knife","x":154},{"width":63,"y":1464,"height":73,"name":"images/hero-L_hand05","x":1154},{"width":245,"y":1945,"height":85,"name":"images/hero-hand-L_knife01","x":400},{"width":61,"y":1539,"height":73,"name":"images/hero-L_hand06","x":1162},{"width":69,"y":1958,"height":86,"name":"images/hero-L_Uparm01_copy_4","x":1174},{"width":69,"y":1304,"height":86,"name":"images/hero-L_Uparm","x":1075},{"width":69,"y":1304,"height":86,"name":"images/hero-L_Uparm01","x":1146},{"width":69,"y":1958,"height":86,"name":"images/hero-L_Uparm01_copy","x":1103},{"width":69,"y":1304,"height":86,"name":"images/hero-L_Uparm02","x":1217},{"width":69,"y":1958,"height":87,"name":"images/hero-L_Uparm01_copy_2","x":1032},{"width":69,"y":1304,"height":86,"name":"images/hero-L_Uparm01_copy_5","x":1004},{"width":69,"y":1304,"height":86,"name":"images/hero-L_Uparm03","x":1288},{"width":69,"y":1201,"height":86,"name":"images/hero-L_Uparm01_copy_3","x":1069},{"width":70,"y":1686,"height":87,"name":"images/hero-L_Uparm01_copy_6","x":1034},{"width":52,"y":761,"height":102,"name":"images/hero-L_UPleg01_copy_2","x":1250},{"width":52,"y":1579,"height":102,"name":"images/hero-L_UPleg02_copy","x":1029},{"width":52,"y":1058,"height":102,"name":"images/hero-L_UPleg","x":1237},{"width":53,"y":1475,"height":102,"name":"images/hero-L_UPleg01","x":1023},{"width":53,"y":1579,"height":102,"name":"images/hero-L_UPleg02","x":974},{"width":53,"y":1174,"height":102,"name":"images/hero-L_UPleg01_copy","x":1200},{"width":42,"y":1198,"height":82,"name":"images/hero-L_LOWLeg","x":1318},{"width":42,"y":1698,"height":82,"name":"images/hero-L_LOWLeg02_copy","x":1179},{"width":42,"y":1841,"height":83,"name":"images/hero-L_LOWLeg01_copy","x":602},{"width":42,"y":1614,"height":82,"name":"images/hero-L_LOWLeg02","x":1215},{"width":42,"y":1614,"height":82,"name":"images/hero-L_LOWLeg01_copy_2","x":1171},{"width":42,"y":1113,"height":83,"name":"images/hero-L_LOWLeg01","x":1318},{"width":47,"y":812,"height":37,"name":"images/hero-L_foot02","x":315},{"width":47,"y":1477,"height":37,"name":"images/hero-L_foot","x":1219},{"width":46,"y":1782,"height":37,"name":"images/hero-L_foot01","x":1179},{"width":20,"y":761,"height":17,"name":"images/hero-L_toes02","x":1225},{"width":20,"y":831,"height":16,"name":"images/hero-L_toes03","x":364},{"width":20,"y":812,"height":17,"name":"images/hero-L_toes04","x":364},{"width":49,"y":1392,"height":35,"name":"images/hero-knee-L01","x":1267},{"width":48,"y":188,"height":35,"name":"images/hero-knee-L","x":1205},{"width":125,"y":334,"height":168,"name":"images/hero-torso02","x":856},{"width":126,"y":758,"height":168,"name":"images/hero-torso01_copy_5","x":562},{"width":126,"y":991,"height":168,"name":"images/hero-torso03","x":538},{"width":126,"y":543,"height":168,"name":"images/hero-torso01_copy_6","x":666},{"width":125,"y":928,"height":169,"name":"images/hero-torso01_copy","x":666},{"width":125,"y":504,"height":169,"name":"images/hero-torso01_copy_2","x":794},{"width":126,"y":334,"height":168,"name":"images/hero-torso","x":728},{"width":126,"y":1237,"height":169,"name":"images/hero-torso01_copy_3","x":486},{"width":125,"y":1161,"height":169,"name":"images/hero-torso01","x":614},{"width":125,"y":713,"height":169,"name":"images/hero-torso01_copy_4","x":741},{"width":101,"y":1963,"height":72,"name":"images/hero-hips02","x":750},{"width":101,"y":1963,"height":72,"name":"images/hero-hips01_copy","x":647},{"width":100,"y":1406,"height":72,"name":"images/hero-hips01_copy_2","x":791},{"width":101,"y":1239,"height":72,"name":"images/hero-hips02_copy","x":901},{"width":100,"y":1007,"height":78,"name":"images/hero-hips","x":793},{"width":101,"y":1957,"height":72,"name":"images/hero-hips01","x":853},{"width":99,"y":884,"height":40,"name":"images/hero-hips_top_R02","x":690},{"width":100,"y":1985,"height":39,"name":"images/hero-hips_top_R","x":1},{"width":99,"y":396,"height":39,"name":"images/hero-hips_top_R01","x":132},{"width":58,"y":1085,"height":99,"name":"images/hero-R_UPleg01","x":1118},{"width":57,"y":869,"height":99,"name":"images/hero-R_UPleg02","x":1180},{"width":58,"y":1186,"height":99,"name":"images/hero-R_UPleg01_copy","x":1140},{"width":57,"y":869,"height":100,"name":"images/hero-R_UPleg01_copy_2","x":1121},{"width":57,"y":1073,"height":99,"name":"images/hero-R_UPleg02_copy","x":1178},{"width":57,"y":971,"height":100,"name":"images/hero-R_UPleg","x":1134},{"width":47,"y":405,"height":84,"name":"images/hero-R_LOWLeg02_copy","x":1120},{"width":46,"y":713,"height":84,"name":"images/hero-R_LOWLeg02","x":690},{"width":46,"y":1392,"height":83,"name":"images/hero-R_LOWLeg01_copy","x":1219},{"width":46,"y":299,"height":84,"name":"images/hero-R_LOWLeg","x":1123},{"width":46,"y":799,"height":83,"name":"images/hero-R_LOWLeg01","x":690},{"width":46,"y":515,"height":84,"name":"images/hero-R_LOWLeg01_copy_2","x":1172},{"width":47,"y":627,"height":38,"name":"images/hero-R_foot02","x":1016},{"width":47,"y":1406,"height":37,"name":"images/hero-R_foot","x":893},{"width":46,"y":1429,"height":37,"name":"images/hero-R_foot01","x":1267},{"width":20,"y":849,"height":16,"name":"images/hero-R_toes03","x":368},{"width":21,"y":1480,"height":17,"name":"images/hero-R_toes04","x":791},{"width":20,"y":1504,"height":16,"name":"images/hero-R_toes02","x":703},{"width":48,"y":1698,"height":35,"name":"images/hero-knee-R","x":1223},{"width":48,"y":1821,"height":35,"name":"images/hero-knee-R01","x":1179},{"width":65,"y":1480,"height":101,"name":"images/hero-neck01_copy_2","x":881},{"width":65,"y":1834,"height":101,"name":"images/hero-neck","x":883},{"width":65,"y":1703,"height":101,"name":"images/hero-neck01","x":888},{"width":65,"y":1480,"height":101,"name":"images/hero-neck02","x":814},{"width":65,"y":1103,"height":101,"name":"images/hero-neck04","x":986},{"width":65,"y":1583,"height":101,"name":"images/hero-neck01_copy","x":907},{"width":164,"y":1765,"height":178,"name":"images/hero-body01_copy_2","x":319},{"width":164,"y":364,"height":177,"name":"images/hero-body01_copy_3","x":562},{"width":164,"y":579,"height":177,"name":"images/hero-body01_copy_4","x":493},{"width":164,"y":1058,"height":177,"name":"images/hero-body","x":372},{"width":164,"y":1479,"height":177,"name":"images/hero-body01_copy_5","x":154},{"width":164,"y":1058,"height":178,"name":"images/hero-body01","x":206},{"width":164,"y":1,"height":178,"name":"images/hero-body01_copy_6","x":527},{"width":164,"y":1765,"height":178,"name":"images/hero-body02","x":153},{"width":164,"y":812,"height":177,"name":"images/hero-body02_copy","x":396},{"width":164,"y":1299,"height":178,"name":"images/hero-body03","x":154},{"width":164,"y":1238,"height":177,"name":"images/hero-body04","x":320},{"width":164,"y":184,"height":178,"name":"images/hero-body01_copy","x":515},{"width":61,"y":1028,"height":83,"name":"images/bandana02","x":1291},{"width":61,"y":1162,"height":83,"name":"images/bandan","x":1255},{"width":153,"y":1,"height":173,"name":"images/enemy_head01","x":693},{"width":147,"y":1417,"height":190,"name":"images/hero-head","x":469},{"width":147,"y":1417,"height":190,"name":"images/hero-head01","x":320},{"width":31,"y":416,"height":46,"name":"images/hero-ear01","x":519},{"width":31,"y":464,"height":46,"name":"images/hero-ear","x":519},{"width":22,"y":306,"height":26,"name":"images/hero-L-eye","x":958},{"width":28,"y":987,"height":12,"name":"images/hero-L-upper_eyeli","x":951},{"width":28,"y":974,"height":12,"name":"images/hero-L-upper_eyelid01","x":630},{"width":25,"y":1028,"height":27,"name":"images/hero-L-upper_eyelid03","x":1258},{"width":21,"y":780,"height":13,"name":"images/hero-L-lower_eyelid","x":1225},{"width":21,"y":1085,"height":13,"name":"images/hero-L-lower_eyelid01","x":1069},{"width":62,"y":1937,"height":18,"name":"images/hero-mouth_crust01_copy","x":883},{"width":93,"y":928,"height":44,"name":"images/enemy_mouth_angry01","x":562},{"width":50,"y":1772,"height":26,"name":"images/hero-mouth_doubt01","x":955},{"width":93,"y":627,"height":44,"name":"images/enemy_mouth_angry01_copy","x":921},{"width":50,"y":601,"height":21,"name":"images/hero-mouth","x":1172},{"width":50,"y":1806,"height":26,"name":"images/hero-mouth_doubt01_copy","x":888},{"width":50,"y":1278,"height":20,"name":"images/hero-mouth01","x":1200},{"width":62,"y":1703,"height":25,"name":"images/hero-mouth_smile01","x":813},{"width":62,"y":875,"height":25,"name":"images/hero-mouth_smile01_copy","x":125},{"width":63,"y":758,"height":35,"name":"images/hero-mouth_angry01","x":493},{"width":63,"y":504,"height":35,"name":"images/hero-mouth_angry01_copy","x":728},{"width":62,"y":1755,"height":18,"name":"images/hero-mouth_crust01","x":1106},{"width":138,"y":306,"height":97,"name":"images/hero-beard02","x":983},{"width":76,"y":1614,"height":64,"name":"images/hero-beard03","x":1083},{"width":77,"y":1547,"height":65,"name":"images/hero-beard","x":1083},{"width":66,"y":974,"height":15,"name":"images/hero-mustache01","x":562},{"width":76,"y":188,"height":34,"name":"images/hero-mustache02","x":1127},{"width":75,"y":675,"height":35,"name":"images/hero-mustache","x":794},{"width":75,"y":1609,"height":36,"name":"images/hero-mustache03","x":320},{"width":33,"y":712,"height":50,"name":"images/hero-nose","x":868},{"width":59,"y":1247,"height":52,"name":"images/enemy_nose01","x":1255},{"width":33,"y":364,"height":50,"name":"images/hero-nose01","x":519},{"width":53,"y":1445,"height":31,"name":"images/hero-R-eye01","x":893},{"width":66,"y":1834,"height":16,"name":"images/hero-upper_eyelid","x":807},{"width":66,"y":795,"height":15,"name":"images/hero-R-upper_eyelid01","x":493},{"width":55,"y":543,"height":33,"name":"images/hero-R-upper_eyelid03","x":608},{"width":51,"y":851,"height":16,"name":"images/hero-lower_eyelid","x":315},{"width":51,"y":64,"height":15,"name":"images/hero-R-lower_eyelid01","x":1263},{"width":35,"y":2031,"height":13,"name":"images/hero-eyebrow_L","x":917},{"width":35,"y":1058,"height":13,"name":"images/hero-eyebrow_L01","x":1193},{"width":35,"y":385,"height":18,"name":"images/enemy_eyebrow_L","x":1123},{"width":62,"y":2031,"height":16,"name":"images/enemy_eyebrow_R","x":853},{"width":87,"y":306,"height":26,"name":"images/hero-eyebrow_R","x":869},{"width":87,"y":543,"height":27,"name":"images/hero-eyebrow","x":519},{"width":158,"y":1222,"height":104,"name":"images/hero-hair_brown","x":741},{"width":135,"y":405,"height":85,"name":"images/enemy_hair_brown","x":983},{"width":158,"y":627,"height":104,"name":"images/hero-hair","x":1065},{"width":70,"y":1099,"height":53,"name":"images/hero-hair_brown03","x":666},{"width":70,"y":396,"height":52,"name":"images/hero-hair03","x":233},{"width":105,"y":1238,"height":56,"name":"images/hero-hair02","x":206},{"width":104,"y":81,"height":57,"name":"images/hero-hair_brown02","x":1016},{"width":40,"y":1392,"height":59,"name":"images/hero-hair01","x":1164},{"width":40,"y":1985,"height":59,"name":"images/hero-hair_brown01","x":103},{"width":158,"y":1,"height":61,"name":"images/bandana01","x":1263},{"width":158,"y":733,"height":62,"name":"images/bandana","x":1065},{"width":70,"y":64,"height":121,"name":"images/hero-R_forearm04","x":1317},{"width":70,"y":259,"height":120,"name":"images/hero-R_forearm01_copy","x":1266},{"width":70,"y":381,"height":120,"name":"images/hero-R_forearm","x":1266},{"width":70,"y":1638,"height":120,"name":"images/hero-R_forearm01_copy_2","x":654},{"width":70,"y":1841,"height":120,"name":"images/hero-R_forearm01","x":647},{"width":70,"y":638,"height":121,"name":"images/hero-R_forearm02","x":1225},{"width":70,"y":515,"height":121,"name":"images/hero-R_forearm03","x":1225},{"width":83,"y":871,"height":114,"name":"images/hero-R_Uparm01_copy_3","x":951},{"width":83,"y":1406,"height":114,"name":"images/hero-R_Uparm01","x":618},{"width":83,"y":1609,"height":114,"name":"images/hero-R_Uparm01_copy_4","x":559},{"width":83,"y":1007,"height":114,"name":"images/hero-R_Uparm02","x":899},{"width":82,"y":1725,"height":114,"name":"images/hero-R_Uparm01_copy_5","x":570},{"width":83,"y":871,"height":114,"name":"images/hero-R_Uparm03","x":1036},{"width":82,"y":1522,"height":114,"name":"images/hero-R_Uparm01_copy_6","x":647},{"width":83,"y":1123,"height":114,"name":"images/hero-R_Uparm01_copy","x":901},{"width":83,"y":987,"height":114,"name":"images/hero-R_Uparm_new","x":984},{"width":83,"y":1733,"height":114,"name":"images/hero-R_Uparm01_copy_2","x":485},{"width":74,"y":1775,"height":81,"name":"images/hero-R_hand","x":1103},{"width":250,"y":798,"height":71,"name":"images/hero-hand-R_knife03","x":868},{"width":79,"y":1604,"height":97,"name":"images/hero-R_hand10","x":813},{"width":86,"y":1760,"height":95,"name":"images/hero-hand-R_gun01","x":719},{"width":79,"y":1857,"height":98,"name":"images/hero-R_hand06","x":802},{"width":73,"y":1313,"height":83,"name":"images/hero-R_hand11","x":907},{"width":73,"y":1496,"height":81,"name":"images/hero-R_hand05","x":948},{"width":74,"y":1475,"height":70,"name":"images/hero-R_hand12","x":1078},{"width":173,"y":184,"height":197,"name":"images/hero-hand-R_knife02","x":340},{"width":74,"y":1892,"height":82,"name":"images/hero-R_hand07","x":956},{"width":74,"y":1392,"height":70,"name":"images/hero-R_hand08","x":1088},{"width":245,"y":1,"height":78,"name":"images/hero-hand-R_knife01","x":1016},{"width":79,"y":1735,"height":97,"name":"images/hero-R_hand02","x":807},{"width":245,"y":225,"height":79,"name":"images/hero-hand-R_knife04","x":869},{"width":73,"y":1392,"height":81,"name":"images/hero-R_hand01","x":1013},{"width":86,"y":1406,"height":96,"name":"images/hero-hand-R_gun","x":703},{"width":74,"y":1976,"height":70,"name":"images/hero-R_hand04","x":956},{"width":85,"y":1638,"height":95,"name":"images/hero-hand-R_gun02","x":726},{"width":73,"y":1775,"height":83,"name":"images/hero-R_hand03","x":1028},{"width":156,"y":1099,"height":121,"name":"images/hero-mask01_copy_2","x":741},{"width":155,"y":504,"height":121,"name":"images/hero-mask02","x":921},{"width":156,"y":675,"height":121,"name":"images/hero-mask01_copy","x":907},{"width":166,"y":1,"height":140,"name":"images/enemy_mask01","x":848},{"width":156,"y":1609,"height":122,"name":"images/hero-mask","x":401},{"width":156,"y":884,"height":121,"name":"images/hero-mask01","x":793},{"width":128,"y":797,"height":70,"name":"images/hero-glasses02","x":1120},{"width":137,"y":991,"height":54,"name":"images/enemy_glasses01","x":396},{"width":137,"y":225,"height":72,"name":"images/hero-glasses03","x":1116},{"width":129,"y":188,"height":69,"name":"images/hero-glasses01","x":1255},{"width":203,"y":1,"height":181,"name":"images/hero-helmet01_copy_2","x":322},{"width":203,"y":1116,"height":181,"name":"images/hero-helmet01","x":1},{"width":186,"y":181,"height":151,"name":"images/enemy_helmet01","x":681},{"width":206,"y":213,"height":181,"name":"images/hero-helmet02","x":132},{"width":202,"y":396,"height":181,"name":"images/hero-helmet","x":315},{"width":203,"y":875,"height":181,"name":"images/hero-helmet01_copy","x":191},{"frameX":-2,"y":1332,"frameY":0,"frameWidth":293,"width":291,"frameHeight":72,"height":72,"name":"images/FX-knife01","x":614}],"width":2048,"height":2048,"name":"DragonBonesHero","imagePath":"DragonBonesHero_tex.png"}